status,file,insertions,deletions
A,assets/city/future-regions/storm-sector/audio/charged-wind.wav,,
A,assets/city/future-regions/storm-sector/audio/relay-hum.wav,,
A,assets/city/future-regions/storm-sector/audio/storm-distance.wav,,
A,assets/city/future-regions/storm-sector/models/atmospheric-stabilizer-lod0.glb,,
A,assets/city/future-regions/storm-sector/models/atmospheric-stabilizer-lod1.glb,,
A,assets/city/future-regions/storm-sector/models/atmospheric-stabilizer-lod2.glb,,
A,assets/city/future-regions/storm-sector/models/charged-transit-gate-lod0.glb,,
A,assets/city/future-regions/storm-sector/models/charged-transit-gate-lod1.glb,,
A,assets/city/future-regions/storm-sector/models/charged-transit-gate-lod2.glb,,
A,assets/city/future-regions/storm-sector/models/storm-command-spire-lod0.glb,,
A,assets/city/future-regions/storm-sector/models/storm-command-spire-lod1.glb,,
A,assets/city/future-regions/storm-sector/models/storm-command-spire-lod2.glb,,
A,assets/city/future-regions/storm-sector/storm-sector-package.json,199,0
M,assets/js/city/w731/eon-city-w731-command-hub-runtime.js,1616,37
M,assets/js/city/w766/eon-expanse-w766a-foundation.js,159,1
M,assets/js/city/w766/eon-expanse-w766a-gateway-overlook.js,228,12
M,assets/js/city/w766/eon-expanse-w766b-hero-assets.js,144,20
M,assets/js/city/w766/eon-expanse-w766b-signal-frontier.js,8,2
M,assets/js/city/w766/eon-expanse-w766d-npc-transit.js,145,61
M,assets/js/city/w766/eon-expanse-w766e-mission-runtime.js,53,5
M,assets/js/city/w766/eon-expanse-w766f-activity-anchors.js,223,71
M,assets/js/city/w766/eon-expanse-w766f-living-content.js,47,10
M,assets/js/city/w766/eon-expanse-w766g-audio-director.js,316,200
M,assets/js/city/w766/eon-expanse-w766g-presentation-director.js,5,1
M,assets/js/city/w766/eon-expanse-w766g-visual-director.js,14,4
M,assets/js/city/w766/eon-expanse-w766h-objective-marker.js,70,4
M,assets/js/city/w766/eon-expanse-w766h-playability-core.js,4,0
M,assets/js/city/w766/eon-expanse-w766h-ui-overlay.js,479,39
M,assets/js/city/w766/eon-expanse-w766i-open-world-renderer.js,35,10
A,assets/js/city/w766/eon-expanse-w767a-asset-truth.js,144,0
A,assets/js/city/w766/eon-expanse-w767a-companion-continuity.js,80,0
A,assets/js/city/w766/eon-expanse-w767b-guidance-director.js,160,0
A,assets/js/city/w766/eon-expanse-w767d-asset-diagnostics.js,105,0
A,assets/js/city/w766/eon-expanse-w767e-authored-presentation.js,129,0
A,assets/js/city/w766/eon-expanse-w767f-onboarding-director.js,173,0
A,assets/js/city/w766/eon-expanse-w767g-companion-behavior.js,271,0
A,assets/js/city/w766/eon-expanse-w767i-touch-interaction.js,59,0
A,assets/js/city/w766/eon-expanse-w767j-asset-recovery.js,124,0
A,assets/js/city/w766/eon-expanse-w767k-lost-player-assistance.js,147,0
A,assets/js/city/w766/eon-expanse-w767l-companion-dock.js,52,0
A,assets/js/city/w766/eon-expanse-w767m-activity-presentation.js,50,0
A,assets/js/city/w766/eon-expanse-w767n-asset-repair-focus.js,107,0
A,assets/js/city/w766/eon-expanse-w767o-dynamic-event-lifecycle.js,52,0
A,assets/js/city/w766/eon-expanse-w767p-dynamic-event-presentation.js,106,0
A,assets/js/city/w766/eon-expanse-w767q-accessibility-profile.js,27,0
A,assets/js/city/w766/eon-expanse-w767q-event-atmosphere.js,48,0
A,assets/js/city/w766/eon-expanse-w767r-restoration-status.js,46,0
A,assets/js/city/w766/eon-expanse-w767s-capture-moment.js,57,0
A,assets/js/city/w766/eon-expanse-w767t-living-activity-board.js,129,0
A,assets/js/city/w766/eon-expanse-w767u-activity-action.js,58,0
A,assets/js/city/w766/eon-expanse-w767v-guidance-lifecycle.js,43,0
A,assets/js/city/w766/eon-expanse-w767w-productive-receipt-bridge.js,70,0
A,assets/js/city/w766/eon-expanse-w767x-verified-result-action.js,38,0
A,assets/js/city/w766/eon-expanse-w767y-daily-signal.js,55,0
A,assets/js/city/w768/eon-expanse-w768a-my-frontier-layout-contract.js,212,0
A,assets/js/city/w768/eon-expanse-w768b-my-frontier-state.js,252,0
A,assets/js/city/w768/eon-expanse-w768c-my-frontier-construction-permit.js,113,0
A,assets/js/city/w768/eon-expanse-w768d-my-frontier-construction-ledger.js,137,0
A,assets/js/city/w768/eon-expanse-w768f-my-frontier-planning-view.js,71,0
A,assets/js/city/w768/eon-expanse-w768g-my-frontier-building-choice.js,107,0
A,assets/js/city/w768/eon-expanse-w768h-my-frontier-readiness.js,143,0
A,assets/js/city/w768/eon-expanse-w768i-my-frontier-renderer.js,337,0
A,assets/js/city/w768/eon-expanse-w768i-my-frontier-visual-model.js,100,0
A,assets/js/city/w768/eon-expanse-w768j-my-frontier-presentation.js,62,0
A,assets/js/city/w768/eon-expanse-w768k-my-frontier-plot-inspection.js,48,0
A,assets/js/city/w768/eon-expanse-w768l-my-frontier-authored-asset-catalog.js,149,0
A,assets/js/city/w768/eon-expanse-w768m-my-frontier-authored-asset-plan.js,90,0
A,assets/js/city/w768/eon-expanse-w768n-my-frontier-authored-asset-presenter.js,239,0
A,assets/js/city/w768/eon-expanse-w768o-my-frontier-construction-action.js,71,0
A,assets/js/city/w768/eon-expanse-w768p-my-frontier-navigation.js,62,0
A,assets/js/city/w768/eon-expanse-w768q-my-frontier-construction-site.js,56,0
A,assets/js/city/w768/eon-expanse-w768r-my-frontier-building-terminal.js,68,0
A,assets/js/city/w768/eon-expanse-w768s-my-frontier-construction-ceremony.js,50,0
A,assets/js/city/w768/eon-expanse-w768t-my-frontier-resident-stations.js,59,0
A,assets/js/city/w768/eon-expanse-w768u-my-frontier-resident-inspection.js,40,0
A,assets/js/city/w768/eon-expanse-w768v-my-frontier-resident-authority.js,86,0
A,assets/js/city/w768/eon-expanse-w768w-my-frontier-resident-invitation.js,92,0
A,assets/js/city/w768/eon-expanse-w768x-my-frontier-resident-asset-plan.js,106,0
A,assets/js/city/w768/eon-expanse-w768y-my-frontier-resident-presenter.js,162,0
A,assets/js/city/w768/eon-expanse-w768z-my-frontier-resident-reaction.js,39,0
A,assets/js/city/w769/eon-expanse-w769a-my-frontier-resident-release.js,69,0
A,assets/js/city/w769/eon-expanse-w769b-my-frontier-theme.js,54,0
A,assets/js/city/w769/eon-expanse-w769c-my-frontier-theme-presentation.js,56,0
A,assets/js/city/w769/eon-expanse-w769d-my-frontier-district-upgrade.js,61,0
A,assets/js/city/w769/eon-expanse-w769e-my-frontier-upgrade-ledger.js,89,0
A,assets/js/city/w769/eon-expanse-w769i-my-frontier-upgrade-site.js,46,0
A,assets/js/city/w769/eon-expanse-w769j-my-frontier-upgrade-ceremony.js,64,0
A,assets/js/city/w770/eon-expanse-w770a-my-frontier-building-composition-catalog.js,258,0
A,assets/js/city/w770/eon-expanse-w770b-my-frontier-building-composition-plan.js,79,0
A,assets/js/city/w770/eon-expanse-w770c-my-frontier-building-composition-presenter.js,286,0
A,assets/js/city/w770/eon-expanse-w770e-my-frontier-building-presentation-view.js,60,0
A,assets/js/city/w770/eon-expanse-w770f-my-frontier-composition-recovery.js,114,0
A,assets/js/city/w771/eon-expanse-w771a-five-zone-cinematic-art-contract.js,88,0
A,assets/js/city/w771/eon-expanse-w771b-zone-environment-kit-plan.js,115,0
A,assets/js/city/w771/eon-expanse-w771c-zone-environment-kit-presenter.js,187,0
A,assets/js/city/w771/eon-expanse-w771e-zone-restoration-art-state.js,50,0
A,assets/js/city/w772/eon-expanse-w772a-zone-arrival-director.js,62,0
A,assets/js/city/w772/eon-expanse-w772c-campaign-objective-authority.js,98,0
A,assets/js/city/w772/eon-expanse-w772e-objective-completion-director.js,72,0
A,assets/js/city/w773/eon-expanse-w773a-zone-restoration-board.js,40,0
A,assets/js/city/w773/eon-expanse-w773c-my-frontier-capture-director.js,75,0
A,assets/js/city/w774/eon-expanse-w774a-productive-world-transformations.js,49,0
A,assets/js/city/w774/eon-expanse-w774b-productive-transformation-presenter.js,75,0
A,assets/js/city/w775/eon-expanse-w775a-capture-handoff-package.js,52,0
A,assets/js/city/w776/eon-expanse-w776a-zone-audio-state.js,58,0
A,assets/js/city/w777/eon-expanse-w777a-restoration-audio-cue-director.js,71,0
A,assets/js/city/w778/eon-expanse-w778a-side-mission-transformations.js,59,0
A,assets/js/city/w778/eon-expanse-w778b-side-transformation-presenter.js,95,0
A,assets/js/city/w779/eon-expanse-w779a-post-campaign-progression.js,77,0
A,assets/js/city/w780/eon-expanse-w780a-future-region-catalog.js,131,0
A,assets/js/city/w780/eon-expanse-w780b-future-region-programme.js,81,0
A,assets/js/city/w781/eon-expanse-w781a-open-world-art-audit.js,43,0
A,assets/js/city/w781/eon-expanse-w781b-future-region-release-gate.js,42,0
A,assets/js/city/w782/eon-expanse-w782a-performance-readiness.js,64,0
A,assets/js/city/w783/eon-expanse-w783a-future-region-programme-review.js,90,0
A,assets/js/city/w785/eon-expanse-w785a-authored-region-package-certification.js,84,0
A,assets/js/city/w785/eon-expanse-w785b-region-package-readiness.js,60,0
A,assets/js/city/w786/eon-expanse-w786a-future-region-release-matrix.js,94,0
A,assets/js/city/w787/eon-expanse-w787a-release-evidence-export.js,75,0
A,assets/js/city/w788/eon-expanse-w788a-future-region-release-review.js,99,0
A,assets/js/city/w789/eon-expanse-w789a-region-package-certification-state.js,67,0
A,assets/js/city/w790/eon-expanse-w790a-performance-certification-evidence.js,63,0
A,assets/js/city/w792/eon-expanse-w792a-storm-sector-authored-package.js,129,0
A,assets/js/city/w792/eon-expanse-w792b-storm-sector-layout.js,167,0
A,assets/js/city/w792/eon-expanse-w792c-storm-sector-presenter.js,335,0
A,assets/js/city/w793/eon-expanse-w793a-future-region-activation.js,171,0
A,assets/js/city/w794/eon-expanse-w794a-storm-sector-journey.js,128,0
A,assets/js/city/w794/eon-expanse-w794b-storm-sector-gateway-presenter.js,219,0
A,assets/js/city/w795/eon-expanse-w795a-storm-sector-mission-runtime.js,130,0
A,assets/js/city/w795/eon-expanse-w795b-storm-sector-interaction-presenter.js,174,0
A,assets/js/city/w796/eon-expanse-w796a-storm-sector-npc-plan.js,56,0
A,assets/js/city/w796/eon-expanse-w796b-storm-sector-npc-presenter.js,75,0
A,assets/js/city/w797/eon-expanse-w797a-storm-sector-transit.js,162,0
A,assets/js/city/w797/eon-expanse-w797b-storm-sector-transit-presenter.js,194,0
A,assets/js/city/w798/eon-expanse-w798a-storm-sector-board.js,72,0
A,assets/js/city/w799/eon-expanse-w799a-storm-sector-transformations.js,59,0
A,assets/js/city/w799/eon-expanse-w799b-storm-sector-transformation-presenter.js,164,0
A,assets/js/city/w800/eon-expanse-w800a-storm-sector-capture-director.js,73,0
A,assets/js/city/w801/eon-expanse-w801a-external-certification-gates.js,85,0
A,assets/js/city/w802/eon-expanse-w802a-owner-playthrough-matrix.js,80,0
A,docs/handover/w767a-expanse-companion-clarity/W767A_FOCUSED_REGRESSION_147_PASS.log,896,0
A,docs/handover/w767a-expanse-companion-clarity/W767A_IMPLEMENTATION_HANDOVER.md,146,0
A,docs/handover/w767a-expanse-companion-clarity/W767A_RUNTIME_SOURCE_REGRESSION_291_PASS.log,1757,0
A,docs/handover/w767b-expanse-guidance/W767B_FOCUSED_REGRESSION_153_PASS.log,932,0
A,docs/handover/w767b-expanse-guidance/W767B_IMPLEMENTATION_HANDOVER.md,97,0
A,docs/handover/w767c-expanse-proximity-interaction/W767C_FOCUSED_REGRESSION_157_PASS.log,956,0
A,docs/handover/w767c-expanse-proximity-interaction/W767C_IMPLEMENTATION_HANDOVER.md,80,0
A,docs/handover/w767d-expanse-asset-diagnostics/W767D_FOCUSED_REGRESSION_161_PASS.log,980,0
A,docs/handover/w767d-expanse-asset-diagnostics/W767D_IMPLEMENTATION_HANDOVER.md,97,0
A,docs/handover/w767e-expanse-authored-presentation/W767E_FOCUSED_REGRESSION_165_PASS.log,1004,0
A,docs/handover/w767e-expanse-authored-presentation/W767E_IMPLEMENTATION_HANDOVER.md,100,0
A,docs/handover/w767f-expanse-first-minute-onboarding/W767F_FOCUSED_REGRESSION_170_PASS.log,1034,0
A,docs/handover/w767f-expanse-first-minute-onboarding/W767F_IMPLEMENTATION_HANDOVER.md,96,0
A,docs/handover/w767g-expanse-companion-behavior/W767G_FOCUSED_REGRESSION_176_PASS.log,1070,0
A,docs/handover/w767g-expanse-companion-behavior/W767G_IMPLEMENTATION_HANDOVER.md,97,0
A,docs/handover/w767h-expanse-companion-interaction-reactions/W767H_FOCUSED_REGRESSION_180_PASS.log,1094,0
A,docs/handover/w767h-expanse-companion-interaction-reactions/W767H_IMPLEMENTATION_HANDOVER.md,91,0
A,docs/handover/w791b-release-certification-authority/W791B_IMPLEMENTATION_HANDOVER.md,52,0
A,docs/handover/w802b-storm-sector-source-complete-external-gates/evidence/built-artifact-gate.log,19,0
A,docs/handover/w802b-storm-sector-source-complete-external-gates/evidence/chromium-source-smoke.log,24,0
A,docs/handover/w802b-storm-sector-source-complete-external-gates/evidence/npm-ci.log,8,0
A,docs/handover/w802b-storm-sector-source-complete-external-gates/evidence/production-build.log,22,0
A,docs/handover/w802b-storm-sector-source-complete-external-gates/evidence/w766-w802-regression.log,4634,0
A,docs/handover/w802b-storm-sector-source-complete-external-gates/evidence/w766ir2-source-certification.log,10,0
A,docs/handover/w802b-storm-sector-source-complete-external-gates/evidence/W802B_EXTERNAL_CERTIFICATION_EVIDENCE.json,86,0
A,docs/handover/w802b-storm-sector-source-complete-external-gates/evidence/workspace-secret-scan.log,2,0
A,docs/handover/w802b-storm-sector-source-complete-external-gates/W802B_IMPLEMENTATION_HANDOVER.md,96,0
M,public/sw.js,23,4
A,scripts/w792a-storm-sector-package-gate.mjs,47,0
M,tests/unit/w766a-expanse-foundation.test.mjs,29,0
M,tests/unit/w766e-mission-progression.test.mjs,8,6
M,tests/unit/w766ef-archive-transit-missions.test.mjs,8,6
M,tests/unit/w766f-living-content.test.mjs,13,5
M,tests/unit/w766g-horizon-vault-campaign.test.mjs,11,10
M,tests/unit/w766g-presentation.test.mjs,1,1
M,tests/unit/w766h-animated-npc-assets.test.mjs,2,1
M,tests/unit/w766h-physical-campaign-flow.test.mjs,5,5
M,tests/unit/w766ir2g-live-overlay-recovery.test.mjs,1,1
A,tests/unit/w767a-expanse-asset-truth.test.mjs,73,0
A,tests/unit/w767a-expanse-companion-continuity.test.mjs,84,0
A,tests/unit/w767a-expanse-runtime-contract.test.mjs,52,0
A,tests/unit/w767b-expanse-guidance-director.test.mjs,44,0
A,tests/unit/w767b-expanse-runtime-integration.test.mjs,30,0
A,tests/unit/w767c-expanse-proximity-interaction.test.mjs,63,0
A,tests/unit/w767d-expanse-asset-diagnostics.test.mjs,96,0
A,tests/unit/w767e-expanse-authored-presentation.test.mjs,120,0
A,tests/unit/w767f-expanse-first-minute-onboarding.test.mjs,107,0
A,tests/unit/w767g-expanse-companion-behavior.test.mjs,107,0
A,tests/unit/w767h-expanse-companion-reactions.test.mjs,78,0
A,tests/unit/w767i-expanse-touch-interaction.test.mjs,65,0
A,tests/unit/w767j-expanse-asset-recovery.test.mjs,69,0
A,tests/unit/w767k-expanse-lost-player-assistance.test.mjs,69,0
A,tests/unit/w767l-expanse-companion-dock.test.mjs,49,0
A,tests/unit/w767m-expanse-activity-presentation.test.mjs,45,0
A,tests/unit/w767n-expanse-asset-repair-focus.test.mjs,59,0
A,tests/unit/w767o-expanse-dynamic-event-lifecycle.test.mjs,55,0
A,tests/unit/w767p-expanse-dynamic-event-presentation.test.mjs,55,0
A,tests/unit/w767q-expanse-accessibility-profile.test.mjs,37,0
A,tests/unit/w767q-expanse-event-atmosphere.test.mjs,46,0
A,tests/unit/w767r-expanse-restoration-status.test.mjs,44,0
A,tests/unit/w767s-expanse-capture-moment.test.mjs,50,0
A,tests/unit/w767t-expanse-living-activity-board.test.mjs,56,0
A,tests/unit/w767u-expanse-activity-action.test.mjs,44,0
A,tests/unit/w767v-expanse-guidance-lifecycle.test.mjs,46,0
A,tests/unit/w767w-expanse-productive-receipt-bridge.test.mjs,56,0
A,tests/unit/w767x-expanse-verified-result-action.test.mjs,42,0
A,tests/unit/w767y-expanse-daily-signal.test.mjs,70,0
A,tests/unit/w768a-my-frontier-layout-contract.test.mjs,58,0
A,tests/unit/w768b-my-frontier-state.test.mjs,90,0
A,tests/unit/w768c-my-frontier-construction-permit.test.mjs,59,0
A,tests/unit/w768d-my-frontier-construction-ledger.test.mjs,61,0
A,tests/unit/w768e-my-frontier-runtime-persistence.test.mjs,69,0
A,tests/unit/w768f-my-frontier-planning-view.test.mjs,56,0
A,tests/unit/w768g-my-frontier-building-choice.test.mjs,77,0
A,tests/unit/w768h-my-frontier-readiness.test.mjs,91,0
A,tests/unit/w768i-my-frontier-visual-foundation.test.mjs,51,0
A,tests/unit/w768j-my-frontier-presentation.test.mjs,52,0
A,tests/unit/w768k-my-frontier-plot-inspection.test.mjs,45,0
A,tests/unit/w768l-my-frontier-authored-asset-catalog.test.mjs,42,0
A,tests/unit/w768m-my-frontier-authored-asset-plan.test.mjs,44,0
A,tests/unit/w768n-my-frontier-authored-asset-presenter.test.mjs,52,0
A,tests/unit/w768o-my-frontier-construction-action.test.mjs,54,0
A,tests/unit/w768p-my-frontier-navigation.test.mjs,57,0
A,tests/unit/w768q-my-frontier-construction-site.test.mjs,57,0
A,tests/unit/w768r-my-frontier-building-terminal.test.mjs,50,0
A,tests/unit/w768s-my-frontier-construction-ceremony.test.mjs,49,0
A,tests/unit/w768t-my-frontier-resident-stations.test.mjs,45,0
A,tests/unit/w768u-my-frontier-resident-inspection.test.mjs,47,0
A,tests/unit/w768v-my-frontier-resident-authority.test.mjs,67,0
A,tests/unit/w768w-my-frontier-resident-invitation.test.mjs,70,0
A,tests/unit/w768x-my-frontier-resident-asset-plan.test.mjs,52,0
A,tests/unit/w768y-my-frontier-resident-presenter.test.mjs,42,0
A,tests/unit/w768z-my-frontier-resident-reaction.test.mjs,45,0
A,tests/unit/w769a-my-frontier-resident-release.test.mjs,57,0
A,tests/unit/w769b-my-frontier-theme.test.mjs,51,0
A,tests/unit/w769c-my-frontier-theme-presentation.test.mjs,49,0
A,tests/unit/w769d-my-frontier-district-upgrade.test.mjs,49,0
A,tests/unit/w769e-my-frontier-upgrade-ledger.test.mjs,45,0
A,tests/unit/w769f-my-frontier-upgrade-runtime.test.mjs,44,0
A,tests/unit/w769g-my-frontier-operational-presentation.test.mjs,39,0
A,tests/unit/w769h-my-frontier-upgrade-board.test.mjs,35,0
A,tests/unit/w769i-my-frontier-upgrade-site.test.mjs,49,0
A,tests/unit/w769j-my-frontier-upgrade-ceremony.test.mjs,49,0
A,tests/unit/w770a-my-frontier-building-composition-catalog.test.mjs,47,0
A,tests/unit/w770b-my-frontier-building-composition-plan.test.mjs,44,0
A,tests/unit/w770c-my-frontier-building-composition-presenter.test.mjs,39,0
A,tests/unit/w770d-my-frontier-building-composition-integration.test.mjs,33,0
A,tests/unit/w770e-my-frontier-building-presentation-integration.test.mjs,23,0
A,tests/unit/w770e-my-frontier-building-presentation-view.test.mjs,40,0
A,tests/unit/w770f-my-frontier-composition-recovery.test.mjs,73,0
A,tests/unit/w771a-five-zone-cinematic-art-contract.test.mjs,31,0
A,tests/unit/w771b-zone-environment-kit-plan.test.mjs,43,0
A,tests/unit/w771c-zone-environment-kit-presenter.test.mjs,36,0
A,tests/unit/w771d-zone-environment-kit-integration.test.mjs,32,0
A,tests/unit/w771e-zone-restoration-art-state.test.mjs,43,0
A,tests/unit/w771f-zone-restoration-art-integration.test.mjs,32,0
A,tests/unit/w772a-zone-arrival-director.test.mjs,37,0
A,tests/unit/w772b-zone-arrival-integration.test.mjs,29,0
A,tests/unit/w772c-campaign-objective-authority.test.mjs,32,0
A,tests/unit/w772d-campaign-objective-authority-integration.test.mjs,29,0
A,tests/unit/w772e-objective-completion-director.test.mjs,41,0
A,tests/unit/w772f-objective-feedback-integration.test.mjs,25,0
A,tests/unit/w773a-zone-restoration-board.test.mjs,26,0
A,tests/unit/w773b-zone-restoration-board-integration.test.mjs,25,0
A,tests/unit/w773c-my-frontier-capture-director.test.mjs,46,0
A,tests/unit/w773d-my-frontier-capture-integration.test.mjs,27,0
A,tests/unit/w774a-productive-world-transformations.test.mjs,23,0
A,tests/unit/w774b-productive-transformation-presenter.test.mjs,24,0
A,tests/unit/w774c-productive-transformation-integration.test.mjs,24,0
A,tests/unit/w774d-productive-transformation-status.test.mjs,24,0
A,tests/unit/w774e-productive-capture-moments.test.mjs,28,0
A,tests/unit/w775a-capture-handoff-package.test.mjs,37,0
A,tests/unit/w775b-capture-handoff-integration.test.mjs,24,0
A,tests/unit/w776a-zone-audio-state.test.mjs,48,0
A,tests/unit/w776b-audio-director-world-state.test.mjs,61,0
A,tests/unit/w776c-zone-audio-runtime-integration.test.mjs,27,0
A,tests/unit/w777a-restoration-audio-cue-director.test.mjs,35,0
A,tests/unit/w777b-restoration-cue-audio-director.test.mjs,54,0
A,tests/unit/w777c-restoration-audio-cue-runtime-integration.test.mjs,30,0
A,tests/unit/w778a-side-mission-transformations.test.mjs,26,0
A,tests/unit/w778b-side-transformation-presenter.test.mjs,26,0
A,tests/unit/w778c-side-transformation-gateway-integration.test.mjs,26,0
A,tests/unit/w778d-side-transformation-board-status.test.mjs,25,0
A,tests/unit/w779a-post-campaign-progression.test.mjs,52,0
A,tests/unit/w779b-post-campaign-board-integration.test.mjs,30,0
A,tests/unit/w780a-future-region-catalog.test.mjs,41,0
A,tests/unit/w780b-future-region-programme.test.mjs,41,0
A,tests/unit/w780c-future-region-programme-integration.test.mjs,26,0
A,tests/unit/w781a-open-world-art-audit.test.mjs,37,0
A,tests/unit/w781b-future-region-release-gate.test.mjs,43,0
A,tests/unit/w781c-future-region-release-gate-integration.test.mjs,27,0
A,tests/unit/w782a-performance-readiness.test.mjs,47,0
A,tests/unit/w782b-performance-readiness-integration.test.mjs,25,0
A,tests/unit/w783a-future-region-programme-review.test.mjs,41,0
A,tests/unit/w783b-future-region-programme-persistence.test.mjs,47,0
A,tests/unit/w783c-future-region-programme-review-integration.test.mjs,33,0
A,tests/unit/w784a-release-presentation-proxy-suppression.test.mjs,34,0
A,tests/unit/w784b-release-presentation-truth.test.mjs,31,0
A,tests/unit/w785a-authored-region-package-certification.test.mjs,74,0
A,tests/unit/w785b-region-package-readiness.test.mjs,28,0
A,tests/unit/w785c-region-package-readiness-integration.test.mjs,25,0
A,tests/unit/w786a-future-region-release-matrix.test.mjs,49,0
A,tests/unit/w786b-future-region-release-matrix-integration.test.mjs,25,0
A,tests/unit/w787a-release-evidence-export.test.mjs,33,0
A,tests/unit/w787b-release-evidence-runtime-integration.test.mjs,25,0
A,tests/unit/w788a-future-region-release-review.test.mjs,39,0
A,tests/unit/w788b-future-region-release-review-persistence.test.mjs,50,0
A,tests/unit/w789a-region-package-certification-state.test.mjs,57,0
A,tests/unit/w789b-region-package-certification-persistence.test.mjs,67,0
A,tests/unit/w789c-region-package-certification-runtime-integration.test.mjs,27,0
A,tests/unit/w790a-performance-certification-evidence.test.mjs,37,0
A,tests/unit/w790b-performance-evidence-persistence.test.mjs,47,0
A,tests/unit/w790c-performance-evidence-runtime-integration.test.mjs,27,0
A,tests/unit/w791a-future-region-release-review-runtime-integration.test.mjs,26,0
A,tests/unit/w792a-storm-sector-authored-package.test.mjs,39,0
A,tests/unit/w792b-storm-sector-layout.test.mjs,36,0
A,tests/unit/w792c-storm-sector-presenter-source.test.mjs,40,0
A,tests/unit/w793a-future-region-activation.test.mjs,83,0
A,tests/unit/w793b-future-region-activation-persistence.test.mjs,54,0
A,tests/unit/w793c-future-region-activation-runtime-integration.test.mjs,32,0
A,tests/unit/w794a-storm-sector-journey.test.mjs,46,0
A,tests/unit/w794b-storm-sector-gateway-presenter-source.test.mjs,33,0
A,tests/unit/w794c-storm-sector-gateway-integration.test.mjs,31,0
A,tests/unit/w794d-storm-sector-runtime-integration.test.mjs,40,0
A,tests/unit/w795a-storm-sector-mission-runtime.test.mjs,41,0
A,tests/unit/w795b-storm-sector-interaction-presenter-source.test.mjs,30,0
A,tests/unit/w795c-storm-sector-mission-persistence.test.mjs,32,0
A,tests/unit/w795d-storm-sector-runtime-integration.test.mjs,41,0
A,tests/unit/w796a-storm-sector-npc-plan.test.mjs,26,0
A,tests/unit/w796b-storm-sector-npc-presenter-source.test.mjs,30,0
A,tests/unit/w796c-storm-sector-npc-runtime-integration.test.mjs,34,0
A,tests/unit/w797a-storm-sector-transit.test.mjs,58,0
A,tests/unit/w797b-storm-sector-transit-presenter-source.test.mjs,33,0
A,tests/unit/w797c-storm-sector-transit-runtime-integration.test.mjs,38,0
A,tests/unit/w798a-storm-sector-board.test.mjs,51,0
A,tests/unit/w798b-storm-sector-board-runtime-integration.test.mjs,31,0
A,tests/unit/w798c-storm-sector-board-ui.test.mjs,33,0
A,tests/unit/w799a-storm-sector-transformations.test.mjs,40,0
A,tests/unit/w799b-storm-sector-transformation-presenter-source.test.mjs,31,0
A,tests/unit/w799c-storm-sector-transformation-runtime-integration.test.mjs,26,0
A,tests/unit/w800a-storm-sector-capture-director.test.mjs,47,0
A,tests/unit/w800b-storm-sector-capture-runtime-integration.test.mjs,33,0
A,tests/unit/w801a-external-certification-gates.test.mjs,58,0
A,tests/unit/w802a-owner-playthrough-matrix.test.mjs,41,0
